{
  "IsEncrypted": false,
  "Values": {
    "FUNCTIONS_WORKER_RUNTIME": "python",
    "AzureWebJobsStorage": "DefaultEndpointsProtocol=https;AccountName=imgstoralik;AccountKey=OKPxVZo4cnAyh35ZEUCVzGesXCwuEqWcLlT0noDeY2PL8hLeGv9sB9fBW3ZWOpeBQlXg4W8k4J4NZhXJGNqFbg==;EndpointSuffix=core.windows.net",
    "FUNCTIONS_EXTENSION_VERSION": "~3",
    "APPINSIGHTS_INSTRUMENTATIONKEY": "2adb0d17-fb98-4cc2-ad1d-d2bed7de2465",
    "APPLICATIONINSIGHTS_CONNECTION_STRING": "InstrumentationKey=2adb0d17-fb98-4cc2-ad1d-d2bed7de2465;IngestionEndpoint=https://northeurope-0.in.applicationinsights.azure.com/"
  },
  "ConnectionStrings": {}
}